{
  "Parameters": {
    "AppNamepipelineGET": "zip-lambda-pipeline-get",
    "RepositoryUrl": "https://github.com/BH-PPS-ILI-Software-Engineering/Soteria.git",
    "SourceBranch": "US412346-Autocomplete-API",
    "SourceFolder": "src/ppsSoteriaEndPoint_InspectionContext_Pipeline_GET",
    "CodeBuildSGs": "sg-011bb8acb1db10082,sg-059f6c7dd6d40c232",
    "Env": "prod",
    "LambdaFolder": "pipeline",
    "LambdaZipName": "service.zip",
    "PipelineArtifactsBucketName": "751907194387-us-east-1-soteria-resource-api"
  }
}




Codebuild-ziplambdamstget-zip-upload already exists in stack arn:aws:cloudformation:us-east-1:751907194387:stack/StackCFT-zip-lambdazmst06-For-ziplambdamstget7/a3223b90-c6ea-11ed-a7b0-0a1056f4ef7d
