{
  "Parameters": {
     "FunctionName": "Endpoint_allpipelines_POST",
     "S3LambdaArchiveBucket": "751907194387-us-east-1-soteria-resource-api",
     "S3LambdaArchiveName": "allpipeline/service.zip",
     "LambdaHandler": "service",
     "EnvVarJson": "{\"dbhost\":\"ppspgq01.cw69rd1lqzme.us-east-1.rds.amazonaws.com\",\"dbport\":\"5432\",\"dbuser\":\"ppsrootinfra\",\"dbpass\":\"7mdVrHWqex7q6ee3\",\"dbname\":\"ili_inspection_ctx\"}",
     "Architectures": "x86_64",
     "Runtime": "go1.x",
     "Timeout": "300",
     "SecretManagerAccessPolicy": "false",
     "S3AccessPolicy": "true",
     "UseVPC": "true",
     "VPCSecurityGroupIDs": "sg-0f6e3fa78f3932f2d",
     "CustomPolicy": "",
     "UseALB": "false",
     "SubnetId": "subnet-048842cd46c5eb37a,subnet-075b07885a0291f5f",
     "MemorySize": "128",
     "SQSarn": ""
  }
}