{
  "Parameters": {
    "AppNamemstget": "zip-lambda-mst-get",
    "RepositoryUrl": "https://github.com/BH-PPS-ILI-Software-Engineering/Soteria.git",
    "SourceBranch": "US412346-Autocomplete-API",
    "SourceFolder": "src/ppsSoteriaEndPoint_InspectionContext_MST_GET",
    "CodeBuildSGs": "sg-011bb8acb1db10082,sg-059f6c7dd6d40c232",
    "Env": "prod",
    "LambdaFolder": "mst_get",
    "LambdaZipName": "service.zip",
    "PipelineArtifactsBucketName": "751907194387-us-east-1-soteria-resource-api"
  }
}