{
  "Parameters": {
    "AppNamealppost": "zip-lambda-allpipelines-post",
    "RepositoryUrl": "https://github.com/BH-PPS-ILI-Software-Engineering/Soteria.git",
    "SourceBranch": "US424850-AllPipelines-Endpoints-API",
    "SourceFolder": "src/ppsSoteriaEndPoint_InspectionContext_AllpipelineLanding_GET",
    "CodeBuildSGs": "sg-011bb8acb1db10082,sg-059f6c7dd6d40c232",
    "Env": "prod",
    "LambdaFolder": "allpipeline",
    "LambdaZipName": "service.zip",
    "PipelineArtifactsBucketName": "751907194387-us-east-1-soteria-resource-api"
  }
}